"Id";"Designator";"Footprint";"Quantity";"Designation";"Supplier and ref";
1;"C1";"C_0603_1608Metric_Pad1.08x0.95mm_HandSolder";1;"100nF";;;
2;"C_DIMA_2,C_DIMA_18,C_DIMA_34,C_DIMB_17,C_DIMB_1,C_DIMA_26,C_DIMA_33,C_DIMA_17,C_DIMB_34,C_DIMB_2,C_DIMB_26,C_DIMA_1,C_DIMA_25,C38,C_DIMB_25,C_DIMB_18,C_DIMB_33";"C_1210_3225Metric";17;"10µF 50V";;;
3;"D_DIMB_1,D_DIMA_7,D_DIMB_7,D_DIMA_9,D_DIMA_5,D_DIMB_5,D_DIMB_9,D_DIMA_1";"D_SMB";8;"D_Schottky";;;
4;"K9,K7,K8,K4,K3,K6,K2,K5,K1";"20715562";9;"2071556-2";;;
5;"D1";"DIOM5436X244N";1;"SMBJ28A";;;
6;"C44";"CP_Elec_6.3x5.4";1;"47µF";;;
7;"C_DIMA_7,C_DIMB_23,C_DIMA_39,C_DIMB_31,C_DIMB_39,C_DIMB_7,C_DIMA_23,C_DIMA_31";"C_1206_3216Metric";8;"1µF 50V";;;
8;"J1,J3,J2";"1752201";3;"1752201";;;
9;"D_K8,D_F1,D_K7,D_K1,D_K9,D_K3,D_K4,D_K2,D_K6,D_K5";"D_SOD-123";10;"MMSD914";;;
10;"D_DIMA_2,D_DIMA_8,D_DIMB_2,D_DIMB_6,D_DIMB_10,D_DIMB_8,D_DIMA_6,D_DIMA_10";"D_SOD-123";8;"D_Zener";;;
11;"C_DIMA_5,C_DIMA_37,C_DIMA_29,C_DIMB_21,C_DIMB_29,C_DIMB_37,C_DIMB_5,C_DIMA_21";"C_0603_1608Metric";8;"22pF";;;
12;"J5,J7,J4,J13,J10,J12,J11,J9,J8";"TerminalBlock_MaiXu_MX126-5.0-02P_1x02_P5.00mm";9;"Screw_Terminal_01x02";;;
13;"L_DIMB_5,L_DIMB_4,L_DIMB_1,L_DIMA_1,L_DIMA_4,L_DIMA_3,L_DIMA_5,L_DIMB_3";"L_12x12mm_H8mm";8;"47µH  3.8A";;;
14;"U5";"SOT-23-5";1;"SN6501DBVR";;;
15;"F1";"Fuse_0603_1608Metric";1;"Fuse";;;
16;"R29,R_DIMB_3,R_DIMB_11,R_DIMB_32,R_DIMB_12,R_DIMB_4,R_DIMB_33,R_DIMB_13,R31,R_DIMB_34";"R_0603_1608Metric";10;"100k";;;
17;"R_DIMB_2,R_DIMA_2,R_DIMB_6,R_DIMA_6,R_DIMA_8,R_DIMB_10,R_DIMB_8,R_DIMA_10";"R_0603_1608Metric";8;"47k";;;
18;"R_DIMA_1,R_DIMB_5,R_DIMA_7,R_DIMB_7,R_DIMA_9,R_DIMB_1,R_DIMA_5,R_DIMB_9";"R_0603_1608Metric";8;"33k";;;
19;"C_DIMA_6,C_DIMB_6,C_DIMA_36,C_DIMB_30,C_DIMA_22,C_DIMA_30,C_DIMA_20,C_DIMB_28,C39,C_DIMB_38,C_DIMB_22,C_DIMA_28,C_DIMA_38,C_DIMA_3,C_DIMB_36,C_DIMB_3,C40,C_DIMB_20";"C_0603_1608Metric";18;"100nF 50V";;;
20;"C6,C7,C2,C4";"C_0603_1608Metric";4;"10µF";;;
21;"L6";"L_Radial_D7.5mm_P3.50mm_Fastron_07P";1;"10µF";;;
22;"TR1";"Transformer_Wuerth_750315371";1;"Wuerth_750315371";;;
23;"R2,R1";"R_0603_1608Metric";2;"4k7";;;
24;"R27";"R_0603_1608Metric";1;"470k";;;
25;"C_DIMA_4,C_DIMB_27,C_DIMA_27,C_DIMB_19,C_DIMA_35,C_DIMB_4,C_DIMB_35,C_DIMA_19";"C_0603_1608Metric";8;"470pF";;;
26;"R_K8,R_F1,R_K6,R_K4,R_K3,R_K2,R_K9,R_K1,R_K7,R_K5";"R_0603_1608Metric";10;"100";;;
27;"M1";"FanPinHeader_1x03_P2.54mm_Vertical";1;"Fan_3pin";;;
28;"FRDM_MCXA153_1";"FRDM-MCXA153-SMD";1;"MCU**";;;
29;"Q_K8,Q_K2,Q_F1,Q_K7,Q_K4,Q_K3,Q_K1,Q_K5,Q_K6,Q_K9";"SOT-23-3";10;"NTR4003NT1G";;;
30;"U_DIMA4,U_DIMB1,U_DIMB4,U_DIMB5,U_DIMA3,U_DIMA5,U_DIMA1,U_DIMB3";"HSOP-8-1EP_3.9x4.9mm_P1.27mm_EP2.41x3.1mm";8;"LED5000";;;
31;"U6";"SOT-23";1;"MCP9700x-ETT";;;
32;"C41,C42";"C_0603_1608Metric";2;"22µF";;;
33;"U3";"SOT-23-6";1;"TPS54308";;;
34;"C9,C3,C8,C5";"C_0603_1608Metric";4;"100nF";;;
35;"RS_DIMB_5,RS_DIMB_1,RS_DIMB_7,RS_DIMB_4,RS_DIMA_4,RS_DIMB_3,RS_DIMA_7,RS_DIMA_5,RS_DIMB_8,RS_DIMA_8,RS_DIMA_1,RS_DIMA_6,RS_DIMA_2,RS_DIMB_6,RS_DIMA_3,RS_DIMB_2";"R_1206_3216Metric";16;"R";;;
36;"C_DIMB_8,C_DIMA_40,C_DIMA_32,C_DIMB_40,C_DIMA_8,C_DIMB_32,C_DIMA_24,C_DIMB_24";"C_1206_3216Metric";8;"NM";;;
37;"U4";"SOIC-16W_7.5x10.3mm_P1.27mm";1;"ISO7741";;;
38;"R4,R3";"R_0603_1608Metric";2;"R";;;
39;"D2,D3";"D_SOD-123";2;"MBR0520";;;
40;"R33";"R_0603_1608Metric";1;"3k3";;;
41;"R32";"R_0603_1608Metric";1;"10k";;;
42;"C10,C11";"C_0603_1608Metric";2;"C";;;
43;"U1";"SOIC-8_3.9x4.9mm_P1.27mm";1;"SN65LBC176QDR";;;
44;"C43";"C_0603_1608Metric";1;"75pF";;;
45;"R30";"R_0603_1608Metric";1;"49.9";;;
46;"U2";"SOT-23-5";1;"TPS76350";;;
