Ref;Val;Package;PosX;PosY;Rot;Side
"C2";"10µF";"C_0603_1608Metric";-79.552800;-101.562200;90.000000;bottom
"C3";"100nF";"C_0603_1608Metric";-81.280000;-101.549200;90.000000;bottom
"C4";"10µF";"C_0603_1608Metric";-76.708000;-97.790000;90.000000;bottom
"C5";"100nF";"C_0603_1608Metric";-75.057000;-97.790000;90.000000;bottom
"C7";"10µF";"C_0603_1608Metric";-58.051400;-116.636800;180.000000;bottom
"C8";"100nF";"C_0603_1608Metric";-58.051400;-118.414800;180.000000;bottom
"C9";"100nF";"C_0603_1608Metric";-174.371000;-80.645000;-90.000000;bottom
"C10";"C";"C_0603_1608Metric";-109.400000;-102.800000;180.000000;bottom
"C11";"C";"C_0603_1608Metric";-114.600000;-105.400000;-90.000000;bottom
"C39";"100nF 50V";"C_0603_1608Metric";-56.712000;-112.522000;180.000000;bottom
"C40";"100nF 50V";"C_0603_1608Metric";-56.966000;-103.886000;90.000000;bottom
"C41";"22µF";"C_0603_1608Metric";-60.014000;-100.317000;90.000000;bottom
"C42";"22µF";"C_0603_1608Metric";-61.919000;-100.330000;90.000000;bottom
"C43";"75pF";"C_0603_1608Metric";-54.566000;-104.394000;0.000000;bottom
"C_DIMA_3";"100nF 50V";"C_0603_1608Metric";-74.041000;-118.745000;180.000000;bottom
"C_DIMA_8";"NM";"C_1206_3216Metric";-85.041000;-117.094000;0.000000;bottom
"C_DIMA_19";"470pF";"C_0603_1608Metric";-135.839200;-109.925000;90.000000;bottom
"C_DIMA_20";"100nF 50V";"C_0603_1608Metric";-128.967000;-117.590000;0.000000;bottom
"C_DIMA_21";"22pF";"C_0603_1608Metric";-133.500000;-108.100000;0.000000;bottom
"C_DIMA_22";"100nF 50V";"C_0603_1608Metric";-127.100000;-107.075000;90.000000;bottom
"C_DIMA_24";"NM";"C_1206_3216Metric";-139.903200;-108.407200;-90.000000;bottom
"C_DIMA_27";"470pF";"C_0603_1608Metric";-135.686800;-80.475000;90.000000;bottom
"C_DIMA_28";"100nF 50V";"C_0603_1608Metric";-129.413000;-93.091000;-90.000000;bottom
"C_DIMA_29";"22pF";"C_0603_1608Metric";-133.261400;-79.629000;0.000000;bottom
"C_DIMA_30";"100nF 50V";"C_0603_1608Metric";-125.717000;-80.162400;180.000000;bottom
"C_DIMA_32";"NM";"C_1206_3216Metric";-170.787800;-116.332000;0.000000;bottom
"C_DIMA_35";"470pF";"C_0603_1608Metric";-200.253600;-97.650600;-90.000000;bottom
"C_DIMA_36";"100nF 50V";"C_0603_1608Metric";-189.382400;-87.833200;90.000000;bottom
"C_DIMA_37";"22pF";"C_0603_1608Metric";-200.100000;-91.650000;0.000000;bottom
"C_DIMA_38";"100nF 50V";"C_0603_1608Metric";-197.358000;-84.061000;90.000000;bottom
"C_DIMA_40";"NM";"C_1206_3216Metric";-191.516000;-117.602000;0.000000;bottom
"C_DIMB_3";"100nF 50V";"C_0603_1608Metric";-101.891800;-118.872000;0.000000;bottom
"C_DIMB_4";"470pF";"C_0603_1608Metric";-104.050000;-106.575000;-90.000000;bottom
"C_DIMB_5";"22pF";"C_0603_1608Metric";-103.875000;-109.050000;0.000000;bottom
"C_DIMB_8";"NM";"C_1206_3216Metric";-92.000000;-123.400000;0.000000;bottom
"C_DIMB_19";"470pF";"C_0603_1608Metric";-154.838200;-105.112400;90.000000;bottom
"C_DIMB_20";"100nF 50V";"C_0603_1608Metric";-153.275000;-119.000000;0.000000;bottom
"C_DIMB_21";"22pF";"C_0603_1608Metric";-153.212600;-105.112400;90.000000;bottom
"C_DIMB_22";"100nF 50V";"C_0603_1608Metric";-149.301200;-108.864400;90.000000;bottom
"C_DIMB_24";"NM";"C_1206_3216Metric";-145.350000;-123.350000;0.000000;bottom
"C_DIMB_27";"470pF";"C_0603_1608Metric";-150.876000;-75.692000;90.000000;bottom
"C_DIMB_28";"100nF 50V";"C_0603_1608Metric";-142.494000;-90.678000;180.000000;bottom
"C_DIMB_29";"22pF";"C_0603_1608Metric";-147.828000;-79.248000;90.000000;bottom
"C_DIMB_30";"100nF 50V";"C_0603_1608Metric";-139.903200;-82.499200;180.000000;bottom
"C_DIMB_32";"NM";"C_1206_3216Metric";-177.525000;-116.840000;0.000000;bottom
"C_DIMB_33";"10µF 50V";"C_1210_3225Metric";-184.456600;-107.188000;0.000000;bottom
"C_DIMB_35";"470pF";"C_0603_1608Metric";-201.472800;-103.632000;90.000000;bottom
"C_DIMB_36";"100nF 50V";"C_0603_1608Metric";-189.738000;-105.169000;-90.000000;bottom
"C_DIMB_37";"22pF";"C_0603_1608Metric";-199.644000;-108.661200;-90.000000;bottom
"C_DIMB_38";"100nF 50V";"C_0603_1608Metric";-198.577200;-100.431600;90.000000;bottom
"C_DIMB_40";"NM";"C_1206_3216Metric";-198.501000;-117.602000;0.000000;bottom
"D2";"MBR0520";"D_SOD-123";-78.867000;-96.267000;90.000000;bottom
"D3";"MBR0520";"D_SOD-123";-75.057000;-93.726000;90.000000;bottom
"D_DIMA_10";"D_Zener";"D_SOD-123";-189.611000;-93.346000;90.000000;bottom
"D_K1";"MMSD914";"D_SOD-123";-91.053000;-77.571600;180.000000;bottom
"D_K2";"MMSD914";"D_SOD-123";-76.047600;-77.622400;180.000000;bottom
"D_K3";"MMSD914";"D_SOD-123";-60.986400;-77.571600;180.000000;bottom
"D_K4";"MMSD914";"D_SOD-123";-139.979400;-76.504800;180.000000;bottom
"D_K5";"MMSD914";"D_SOD-123";-127.508000;-76.454000;180.000000;bottom
"D_K6";"MMSD914";"D_SOD-123";-103.844600;-77.597000;180.000000;bottom
"D_K7";"MMSD914";"D_SOD-123";-191.800000;-77.750000;180.000000;bottom
"D_K9";"MMSD914";"D_SOD-123";-166.979600;-90.424000;180.000000;bottom
"Q_F1";"NTR4003NT1G";"SOT-23-3";-62.224500;-88.519000;180.000000;bottom
"Q_K1";"NTR4003NT1G";"SOT-23-3";-89.408000;-73.182900;-90.000000;bottom
"Q_K2";"NTR4003NT1G";"SOT-23-3";-72.186800;-73.665500;-90.000000;bottom
"Q_K3";"NTR4003NT1G";"SOT-23-3";-57.302400;-73.640100;-90.000000;bottom
"Q_K4";"NTR4003NT1G";"SOT-23-3";-136.271000;-72.268500;-90.000000;bottom
"Q_K5";"NTR4003NT1G";"SOT-23-3";-119.801600;-75.356300;-90.000000;bottom
"Q_K6";"NTR4003NT1G";"SOT-23-3";-100.228400;-73.456800;-90.000000;bottom
"Q_K7";"NTR4003NT1G";"SOT-23-3";-188.200000;-73.112500;-90.000000;bottom
"Q_K9";"NTR4003NT1G";"SOT-23-3";-163.169600;-86.289300;-90.000000;bottom
"R1";"4k7";"R_0603_1608Metric";-90.678000;-103.124000;90.000000;bottom
"R3";"R";"R_0603_1608Metric";-112.550000;-105.375000;-90.000000;bottom
"R4";"R";"R_0603_1608Metric";-110.150000;-105.250000;-90.000000;bottom
"R30";"49.9";"R_0603_1608Metric";-54.616000;-99.314000;180.000000;bottom
"R31";"100k";"R_0603_1608Metric";-54.514400;-101.600000;0.000000;bottom
"R32";"10k";"R_0603_1608Metric";-54.172000;-110.744000;-90.000000;bottom
"R33";"3k3";"R_0603_1608Metric";-53.325000;-113.050000;180.000000;bottom
"RS_DIMA_1";"R";"R_1206_3216Metric";-85.450000;-113.222500;90.000000;bottom
"RS_DIMA_2";"R";"R_1206_3216Metric";-87.900000;-113.212500;90.000000;bottom
"RS_DIMA_3";"R";"R_1206_3216Metric";-138.350000;-115.250000;180.000000;bottom
"RS_DIMA_4";"R";"R_1206_3216Metric";-172.700000;-113.750000;0.000000;bottom
"RS_DIMA_5";"R";"R_1206_3216Metric";-193.040000;-113.284000;90.000000;bottom
"RS_DIMA_6";"R";"R_1206_3216Metric";-138.350000;-112.650000;180.000000;bottom
"RS_DIMA_7";"R";"R_1206_3216Metric";-172.700000;-111.100000;0.000000;bottom
"RS_DIMA_8";"R";"R_1206_3216Metric";-191.987500;-122.000000;180.000000;bottom
"RS_DIMB_1";"R";"R_1206_3216Metric";-94.050000;-113.150000;0.000000;bottom
"RS_DIMB_2";"R";"R_1206_3216Metric";-94.600000;-109.100000;0.000000;bottom
"RS_DIMB_3";"R";"R_1206_3216Metric";-147.200000;-114.600000;0.000000;bottom
"RS_DIMB_4";"R";"R_1206_3216Metric";-177.800000;-96.600000;90.000000;bottom
"RS_DIMB_5";"R";"R_1206_3216Metric";-196.850000;-113.284000;90.000000;bottom
"RS_DIMB_6";"R";"R_1206_3216Metric";-143.650000;-115.750000;-90.000000;bottom
"RS_DIMB_7";"R";"R_1206_3216Metric";-181.350000;-97.750000;0.000000;bottom
"RS_DIMB_8";"R";"R_1206_3216Metric";-201.900000;-120.200000;0.000000;bottom
"R_DIMA_5";"33k";"R_0603_1608Metric";-133.489600;-111.199600;180.000000;bottom
"R_DIMA_7";"33k";"R_0603_1608Metric";-133.250000;-81.250000;180.000000;bottom
"R_DIMA_8";"47k";"R_0603_1608Metric";-133.794000;-87.630000;180.000000;bottom
"R_DIMA_9";"33k";"R_0603_1608Metric";-200.253600;-94.120200;90.000000;bottom
"R_DIMA_10";"47k";"R_0603_1608Metric";-187.147200;-94.221800;90.000000;bottom
"R_DIMB_1";"33k";"R_0603_1608Metric";-102.400000;-106.600000;-90.000000;bottom
"R_DIMB_4";"100k";"R_0603_1608Metric";-100.700000;-106.600000;-90.000000;bottom
"R_DIMB_5";"33k";"R_0603_1608Metric";-154.000000;-107.500000;180.000000;bottom
"R_DIMB_7";"33k";"R_0603_1608Metric";-150.876000;-79.248000;-90.000000;bottom
"R_DIMB_8";"47k";"R_0603_1608Metric";-149.770600;-88.087200;180.000000;bottom
"R_DIMB_9";"33k";"R_0603_1608Metric";-201.472800;-107.086400;-90.000000;bottom
"R_DIMB_10";"47k";"R_0603_1608Metric";-191.211200;-108.559600;0.000000;bottom
"R_DIMB_11";"100k";"R_0603_1608Metric";-156.450000;-108.325000;-90.000000;bottom
"R_DIMB_12";"100k";"R_0603_1608Metric";-152.750000;-79.225000;-90.000000;bottom
"R_DIMB_13";"100k";"R_0603_1608Metric";-203.300000;-107.100000;-90.000000;bottom
"R_DIMB_32";"100k";"R_0603_1608Metric";-133.500000;-109.650000;180.000000;bottom
"R_DIMB_33";"100k";"R_0603_1608Metric";-133.525000;-82.850000;180.000000;bottom
"R_DIMB_34";"100k";"R_0603_1608Metric";-198.500000;-94.125000;90.000000;bottom
"R_F1";"100";"R_0603_1608Metric";-63.373000;-84.836000;90.000000;bottom
"R_K1";"100";"R_0603_1608Metric";-89.306400;-69.951600;180.000000;bottom
"R_K2";"100";"R_0603_1608Metric";-70.408800;-70.612000;0.000000;bottom
"R_K3";"100";"R_0603_1608Metric";-57.150000;-70.561200;180.000000;bottom
"R_K4";"100";"R_0603_1608Metric";-133.400800;-70.295000;-90.000000;bottom
"R_K5";"100";"R_0603_1608Metric";-116.179600;-74.218800;0.000000;bottom
"R_K6";"100";"R_0603_1608Metric";-100.139000;-70.256400;180.000000;bottom
"R_K7";"100";"R_0603_1608Metric";-187.234800;-68.794500;-90.000000;bottom
"R_K9";"100";"R_0603_1608Metric";-162.204400;-82.042000;-90.000000;bottom
"U1";"SN65LBC176QDR";"SOIC-8_3.9x4.9mm_P1.27mm";-62.915800;-115.301800;-90.000000;bottom
"U2";"TPS76350";"SOT-23-5";-76.230900;-101.432400;0.000000;bottom
"U3";"TPS54308";"SOT-23-6";-58.114500;-108.905000;180.000000;bottom
"U4";"ISO7741";"SOIC-16W_7.5x10.3mm_P1.27mm";-87.503000;-94.918000;-90.000000;bottom
"U6";"MCP9700x-ETT";"SOT-23";-177.800000;-80.850500;-90.000000;bottom
"U_DIMA1";"LED5000";"HSOP-8-1EP_3.9x4.9mm_P1.27mm_EP2.41x3.1mm";-75.705000;-113.030000;-90.000000;bottom
"U_DIMA3";"LED5000";"HSOP-8-1EP_3.9x4.9mm_P1.27mm_EP2.41x3.1mm";-128.980000;-113.018000;-90.000000;bottom
"U_DIMA4";"LED5000";"HSOP-8-1EP_3.9x4.9mm_P1.27mm_EP2.41x3.1mm";-128.397000;-84.819000;-90.000000;bottom
"U_DIMA5";"LED5000";"HSOP-8-1EP_3.9x4.9mm_P1.27mm_EP2.41x3.1mm";-194.674000;-89.281000;180.000000;bottom
"U_DIMB1";"LED5000";"HSOP-8-1EP_3.9x4.9mm_P1.27mm_EP2.41x3.1mm";-99.660000;-113.271000;-90.000000;bottom
"U_DIMB3";"LED5000";"HSOP-8-1EP_3.9x4.9mm_P1.27mm_EP2.41x3.1mm";-152.935000;-113.259000;-90.000000;bottom
"U_DIMB4";"LED5000";"HSOP-8-1EP_3.9x4.9mm_P1.27mm_EP2.41x3.1mm";-144.868600;-85.131200;-90.000000;bottom
"U_DIMB5";"LED5000";"HSOP-8-1EP_3.9x4.9mm_P1.27mm_EP2.41x3.1mm";-194.656000;-105.029000;180.000000;bottom
